{"cameraMode":{"drawMode":0,"name":"Shaded","section":"Shading Mode"},"sceneLighting":true,"audioPlay":false,"sceneViewState":{"m_AlwaysRefresh":false,"showFog":true,"showSkybox":true,"showFlares":true,"showImageEffects":true,"showParticleSystems":true,"showVisualEffectGraphs":true,"m_FxEnabled":true},"in2DMode":false,"pivot":{"x":14.079999923706055,"y":11.130000114440918,"z":-6.840000152587891},"rotation":{"x":0.2238786518573761,"y":0.05872384086251259,"z":-0.013515006750822068,"w":0.9727553725242615},"size":44.9691162109375,"orthographic":false}